"Column Name","Label"
"GEO_ID","Geography"
"NAME","Geographic Area Name"
"H7_001N"," !!Total:"
"H7_002N"," !!Total:!!Not Hispanic or Latino householder:"
"H7_003N"," !!Total:!!Not Hispanic or Latino householder:!!Householder who is White alone"
"H7_004N"," !!Total:!!Not Hispanic or Latino householder:!!Householder who is Black or African American alone"
"H7_005N"," !!Total:!!Not Hispanic or Latino householder:!!Householder who is American Indian and Alaska Native alone"
"H7_006N"," !!Total:!!Not Hispanic or Latino householder:!!Householder who is Asian alone"
"H7_007N"," !!Total:!!Not Hispanic or Latino householder:!!Householder who is Native Hawaiian and Other Pacific Islander alone"
"H7_008N"," !!Total:!!Not Hispanic or Latino householder:!!Householder who is Some Other Race alone"
"H7_009N"," !!Total:!!Not Hispanic or Latino householder:!!Householder who is Two or More Races"
"H7_010N"," !!Total:!!Hispanic or Latino householder:"
"H7_011N"," !!Total:!!Hispanic or Latino householder:!!Householder who is White alone"
"H7_012N"," !!Total:!!Hispanic or Latino householder:!!Householder who is Black or African American alone"
"H7_013N"," !!Total:!!Hispanic or Latino householder:!!Householder who is American Indian and Alaska Native alone"
"H7_014N"," !!Total:!!Hispanic or Latino householder:!!Householder who is Asian alone"
"H7_015N"," !!Total:!!Hispanic or Latino householder:!!Householder who is Native Hawaiian and Other Pacific Islander alone"
"H7_016N"," !!Total:!!Hispanic or Latino householder:!!Householder who is Some Other Race alone"
"H7_017N"," !!Total:!!Hispanic or Latino householder:!!Householder who is Two or More Races"
