"Column Name","Label"
"GEO_ID","Geography"
"NAME","Geographic Area Name"
"H007001","Total"
"H007002","Total!!Not Hispanic or Latino householder"
"H007003","Total!!Not Hispanic or Latino householder!!Householder who is White alone"
"H007004","Total!!Not Hispanic or Latino householder!!Householder who is Black or African American alone"
"H007005","Total!!Not Hispanic or Latino householder!!Householder who is American Indian and Alaska Native alone"
"H007006","Total!!Not Hispanic or Latino householder!!Householder who is Asian alone"
"H007007","Total!!Not Hispanic or Latino householder!!Householder who is Native Hawaiian and Other Pacific Islander alone"
"H007008","Total!!Not Hispanic or Latino householder!!Householder who is Some Other Race alone"
"H007009","Total!!Not Hispanic or Latino householder!!Householder who is Two or More Races"
"H007010","Total!!Hispanic or Latino householder"
"H007011","Total!!Hispanic or Latino householder!!Householder who is White alone"
"H007012","Total!!Hispanic or Latino householder!!Householder who is Black or African American alone"
"H007013","Total!!Hispanic or Latino householder!!Householder who is American Indian and Alaska Native alone"
"H007014","Total!!Hispanic or Latino householder!!Householder who is Asian alone"
"H007015","Total!!Hispanic or Latino householder!!Householder who is Native Hawaiian and Other Pacific Islander alone"
"H007016","Total!!Hispanic or Latino householder!!Householder who is Some Other Race alone"
"H007017","Total!!Hispanic or Latino householder!!Householder who is Two or More Races"
