"Column Name","Label"
"GEO_ID","Geography"
"NAME","Geographic Area Name"
"B25006_001E","Estimate!!Total"
"B25006_001M","Margin of Error!!Total"
"B25006_002E","Estimate!!Total!!Householder who is White alone"
"B25006_002M","Margin of Error!!Total!!Householder who is White alone"
"B25006_003E","Estimate!!Total!!Householder who is Black or African American alone"
"B25006_003M","Margin of Error!!Total!!Householder who is Black or African American alone"
"B25006_004E","Estimate!!Total!!Householder who is American Indian and Alaska Native alone"
"B25006_004M","Margin of Error!!Total!!Householder who is American Indian and Alaska Native alone"
"B25006_005E","Estimate!!Total!!Householder who is Asian alone"
"B25006_005M","Margin of Error!!Total!!Householder who is Asian alone"
"B25006_006E","Estimate!!Total!!Householder who is Native Hawaiian and Other Pacific Islander alone"
"B25006_006M","Margin of Error!!Total!!Householder who is Native Hawaiian and Other Pacific Islander alone"
"B25006_007E","Estimate!!Total!!Householder who is Some other race alone"
"B25006_007M","Margin of Error!!Total!!Householder who is Some other race alone"
"B25006_008E","Estimate!!Total!!Householder who is Two or more races"
"B25006_008M","Margin of Error!!Total!!Householder who is Two or more races"
"B25006_009E","Estimate!!Total!!Householder who is Two or more races!!Householder who is Two races including Some other race"
"B25006_009M","Margin of Error!!Total!!Householder who is Two or more races!!Householder who is Two races including Some other race"
"B25006_010E","Estimate!!Total!!Householder who is Two or more races!!Householder who is Two races excluding Some other race, and three or more races"
"B25006_010M","Margin of Error!!Total!!Householder who is Two or more races!!Householder who is Two races excluding Some other race, and three or more races"
