"Column Name","Label"
"GEO_ID","Geography"
"NAME","Geographic Area Name"
"C02003_001E","Estimate!!Total"
"C02003_001M","Margin of Error!!Total"
"C02003_002E","Estimate!!Total!!Population of one race"
"C02003_002M","Margin of Error!!Total!!Population of one race"
"C02003_003E","Estimate!!Total!!Population of one race!!White"
"C02003_003M","Margin of Error!!Total!!Population of one race!!White"
"C02003_004E","Estimate!!Total!!Population of one race!!Black or African American"
"C02003_004M","Margin of Error!!Total!!Population of one race!!Black or African American"
"C02003_005E","Estimate!!Total!!Population of one race!!American Indian and Alaska Native"
"C02003_005M","Margin of Error!!Total!!Population of one race!!American Indian and Alaska Native"
"C02003_006E","Estimate!!Total!!Population of one race!!Asian alone"
"C02003_006M","Margin of Error!!Total!!Population of one race!!Asian alone"
"C02003_007E","Estimate!!Total!!Population of one race!!Native Hawaiian and Other Pacific Islander"
"C02003_007M","Margin of Error!!Total!!Population of one race!!Native Hawaiian and Other Pacific Islander"
"C02003_008E","Estimate!!Total!!Population of one race!!Some other race"
"C02003_008M","Margin of Error!!Total!!Population of one race!!Some other race"
"C02003_009E","Estimate!!Total!!Population of two or more races"
"C02003_009M","Margin of Error!!Total!!Population of two or more races"
"C02003_010E","Estimate!!Total!!Population of two or more races!!Two races including Some other race"
"C02003_010M","Margin of Error!!Total!!Population of two or more races!!Two races including Some other race"
"C02003_011E","Estimate!!Total!!Population of two or more races!!Two races excluding Some other race, and three or more races"
"C02003_011M","Margin of Error!!Total!!Population of two or more races!!Two races excluding Some other race, and three or more races"
"C02003_012E","Estimate!!Total!!Population of two or more races!!Population of two races"
"C02003_012M","Margin of Error!!Total!!Population of two or more races!!Population of two races"
"C02003_013E","Estimate!!Total!!Population of two or more races!!Population of two races!!White; Black or African American"
"C02003_013M","Margin of Error!!Total!!Population of two or more races!!Population of two races!!White; Black or African American"
"C02003_014E","Estimate!!Total!!Population of two or more races!!Population of two races!!White; American Indian and Alaska Native"
"C02003_014M","Margin of Error!!Total!!Population of two or more races!!Population of two races!!White; American Indian and Alaska Native"
"C02003_015E","Estimate!!Total!!Population of two or more races!!Population of two races!!White; Asian"
"C02003_015M","Margin of Error!!Total!!Population of two or more races!!Population of two races!!White; Asian"
"C02003_016E","Estimate!!Total!!Population of two or more races!!Population of two races!!Black or African American; American Indian and Alaska Native"
"C02003_016M","Margin of Error!!Total!!Population of two or more races!!Population of two races!!Black or African American; American Indian and Alaska Native"
"C02003_017E","Estimate!!Total!!Population of two or more races!!Population of two races!!All other two race combinations"
"C02003_017M","Margin of Error!!Total!!Population of two or more races!!Population of two races!!All other two race combinations"
"C02003_018E","Estimate!!Total!!Population of two or more races!!Population of three races"
"C02003_018M","Margin of Error!!Total!!Population of two or more races!!Population of three races"
"C02003_019E","Estimate!!Total!!Population of two or more races!!Population of four or more races"
"C02003_019M","Margin of Error!!Total!!Population of two or more races!!Population of four or more races"
